Distance_km,Weight_kg,Number_of_Items,Shipping_Cost,Processing_Hours,Traffic_Level,Delivery_Days
412,15.14,5,864.97,13.68,2,5.74
886,11.73,10,1417.44,7.62,0,6.59
783,5.31,8,1172.86,16.86,1,7.13
864,23.69,5,1488.88,13.94,2,7.83
226,22.17,9,745.46,7.13,1,4.82
229,11.84,9,591.5,14.62,0,4.02
134,1.24,1,326.28,20.07,1,3.54
756,25.25,6,1460.5,2.63,2,7.33
665,0.84,7,995.91,15.88,2,7.41
270,21.26,3,767.9,9.69,1,5.02
238,29.12,7,921.46,8.44,1,4.55
426,13.41,7,918.93,10.64,0,4.37
462,7.43,2,831.87,9.52,2,5.17
622,21.29,7,1248.99,20.31,0,5.78
373,24.61,1,1015.96,8.05,2,5.18
907,16.62,5,1432.82,18.13,1,7.39
577,29.03,9,1330.59,4.07,2,6.84
569,2.02,7,823.6,22.93,0,5.0
161,15.39,7,539.41,15.69,1,5.08
631,21.69,2,1242.36,17.55,0,5.48
520,25.95,8,1056.05,8.56,1,5.98
859,5.79,3,1276.43,11.07,2,7.29
721,24.1,8,1425.79,6.92,1,6.64
566,16.8,3,998.9,22.52,1,5.76
678,12.2,10,1201.05,12.74,0,5.85
561,4.39,7,854.11,15.87,2,6.94
865,26.03,2,1588.79,18.15,1,7.27
526,5.14,4,830.62,10.16,1,4.78
615,9.64,6,1061.25,17.84,2,6.9
900,9.06,9,1417.15,16.87,1,7.29
300,26.21,5,935.5,17.52,1,6.2
443,20.34,9,986.5,12.76,1,5.6
875,24.0,5,1536.21,10.42,1,7.81
289,7.89,10,611.68,6.89,2,5.61
173,18.93,8,674.35,20.14,2,5.51
633,17.37,1,1204.66,15.38,0,5.35
746,25.07,7,1448.79,11.78,1,6.73
681,27.23,4,1311.52,22.77,0,6.32
963,0.86,5,1317.35,3.05,0,5.7
102,20.38,6,546.43,20.7,1,4.61
641,2.03,5,982.9,23.95,2,6.32
966,16.69,1,1521.3,21.51,0,7.0
918,8.99,9,1409.05,19.83,1,7.53
445,9.55,2,813.14,10.23,2,5.57
294,10.91,9,572.5,7.09,2,5.49
732,18.83,10,1357.4,18.17,1,7.17
303,10.35,2,667.59,8.7,2,4.99
999,22.11,9,1744.25,5.87,1,7.82
192,12.43,6,483.58,19.3,0,4.17
346,2.52,9,588.42,8.88,0,4.07
737,23.62,6,1377.88,22.12,0,6.75
82,8.93,6,395.86,20.49,1,3.99
92,13.27,2,393.19,20.65,2,5.01
782,20.72,8,1426.4,18.97,2,8.21
655,10.31,3,1186.23,21.38,1,5.77
394,2.17,7,679.08,19.73,1,4.9
652,11.53,5,1109.99,15.26,0,5.44
527,28.36,3,1138.93,8.51,1,5.84
806,19.43,1,1369.94,21.54,2,7.73
962,20.31,8,1606.26,20.49,0,7.27
417,19.15,3,911.16,12.4,0,4.57
139,6.37,2,463.66,2.86,1,3.0
953,12.84,1,1512.89,16.05,1,7.4
456,22.65,4,1171.57,3.11,1,4.88
848,3.49,8,1170.91,22.38,1,7.1
695,8.7,3,1116.16,23.16,1,6.13
955,8.65,1,1356.58,6.17,0,6.46
484,13.24,4,818.28,16.88,1,5.87
305,29.42,9,993.44,4.03,1,4.79
284,2.49,1,552.98,18.05,2,4.53
339,15.8,2,751.07,9.64,2,5.51
692,5.79,9,1071.9,16.98,2,7.26
395,29.13,2,1029.49,10.2,1,5.46
839,3.84,3,1189.69,5.2,1,6.02
108,12.41,7,449.74,10.93,1,4.23
673,22.27,3,1246.82,4.48,2,6.94
222,21.28,9,699.77,14.69,0,4.38
840,12.97,6,1318.13,2.9,1,6.12
758,10.72,3,1241.54,13.6,1,5.76
974,12.23,9,1363.54,21.5,1,7.97
353,8.3,1,686.72,20.43,0,3.52
241,6.56,10,483.22,21.42,1,4.99
60,14.75,3,390.67,22.29,2,4.61
727,8.42,1,1122.42,4.3,1,6.09
87,8.98,2,388.38,4.83,2,3.87
795,19.87,8,1391.33,14.25,1,7.2
533,29.07,7,1172.45,21.67,2,6.97
892,18.31,2,1531.13,23.44,1,7.06
656,2.77,2,933.62,3.02,1,5.23
641,2.73,9,923.41,9.83,0,5.11
617,28.57,6,1333.17,6.68,0,6.53
956,9.27,5,1452.27,18.63,1,7.35
651,3.22,10,948.92,16.08,1,6.25
146,18.17,6,450.94,4.64,1,3.59
274,18.9,9,718.03,12.64,0,4.78
714,19.63,7,1309.34,17.08,2,7.34
35,8.39,10,352.28,19.14,2,4.93
496,0.95,10,755.49,2.44,0,4.57
81,28.97,9,657.8,21.59,1,5.13
900,7.9,4,1463.16,14.52,2,8.07
451,20.44,2,979.18,19.86,1,5.43
689,21.35,8,1327.66,19.77,0,6.98
287,18.5,4,705.15,6.18,1,4.08
54,9.73,9,306.24,4.42,0,3.15
798,8.5,4,1267.47,17.87,0,5.95
595,18.13,8,1188.18,5.44,0,5.16
513,26.05,9,1136.86,20.7,1,6.18
581,28.43,9,1181.22,17.98,0,6.25
488,3.62,10,781.52,20.52,2,6.35
786,5.07,4,1178.72,8.58,0,5.48
680,28.37,1,1396.49,8.97,0,5.93
344,22.23,3,868.08,16.77,1,4.96
323,26.55,9,928.21,2.69,0,5.11
295,6.48,4,563.71,17.98,1,4.35
888,17.83,5,1427.46,20.39,0,7.1
982,21.18,7,1683.88,11.13,0,7.23
703,20.56,5,1306.89,18.83,0,6.16
948,12.54,4,1468.17,5.84,1,6.87
220,0.95,2,402.89,9.09,0,2.57
464,17.7,2,963.29,23.43,2,6.28
924,7.97,4,1386.37,23.7,1,6.92
343,13.78,10,854.73,13.28,1,5.11
54,28.75,10,678.78,22.55,1,4.97
996,12.27,9,1495.93,13.5,1,8.01
501,25.27,8,1097.46,8.41,2,6.61
747,6.06,3,1096.72,7.87,0,5.06
499,20.34,9,1043.87,22.45,0,5.93
84,29.32,5,649.98,5.79,0,3.6
27,3.51,3,258.79,14.75,0,2.33
320,0.75,5,413.07,14.22,0,3.82
362,13.29,10,810.51,18.27,1,5.49
450,3.23,4,752.22,12.98,1,4.61
443,22.58,8,1083.44,7.99,2,6.2
351,27.48,5,1027.24,5.73,0,4.83
457,13.3,10,863.72,15.66,0,5.07
607,8.13,8,1038.56,17.82,2,6.91
193,13.31,9,572.85,14.53,2,4.95
578,21.84,4,1074.48,18.24,1,6.6
546,0.77,7,824.69,5.11,1,4.81
892,17.89,2,1457.54,21.41,2,8.16
678,18.59,6,1242.46,14.81,1,6.48
45,19.31,8,576.22,4.79,0,3.31
839,7.64,7,1282.64,12.16,2,7.56
624,21.56,7,1171.33,20.59,1,6.73
425,3.2,8,756.22,21.75,0,4.21
251,6.38,7,565.03,7.82,1,4.47
552,26.39,5,1151.49,17.65,1,6.36
838,22.29,7,1409.64,4.2,2,7.79
569,0.91,10,797.58,2.74,0,4.83
807,7.83,3,1277.67,14.33,2,6.94
524,6.82,5,866.02,17.29,1,5.64
688,8.49,7,1107.01,19.51,1,6.24
198,7.8,9,437.67,9.48,0,3.74
151,2.34,2,409.46,2.14,1,2.95
842,14.04,4,1270.24,12.55,2,7.35
474,22.12,7,1017.83,2.35,1,5.45
367,18.4,1,887.32,4.02,0,3.53
559,20.35,2,1069.92,9.19,1,5.69
791,2.89,9,1173.26,11.62,2,7.31
425,28.57,10,1045.09,8.15,0,5.49
95,25.24,7,581.3,14.8,1,5.02
960,24.25,10,1730.07,3.22,1,7.72
598,24.78,7,1247.0,5.18,0,5.55
873,28.01,6,1643.7,17.3,1,7.46
511,16.56,3,1062.51,5.13,0,5.03
213,6.41,10,370.79,16.08,2,4.83
181,18.7,3,679.44,3.2,1,3.91
366,22.42,2,887.45,10.96,1,4.79
970,22.27,6,1616.59,5.9,1,7.52
380,15.88,4,866.07,4.41,0,3.67
788,2.52,5,1115.25,14.47,2,7.22
603,11.45,3,1075.08,22.42,1,5.76
106,27.66,6,690.06,3.21,1,4.49
953,17.74,3,1568.11,11.27,1,6.95
281,16.38,8,708.39,17.57,1,5.44
233,8.43,9,502.8,12.18,0,3.65
684,11.37,4,1104.33,19.74,0,5.55
741,26.91,9,1437.71,5.95,0,6.41
932,20.16,7,1662.66,23.11,2,8.5
592,23.73,3,1289.95,10.47,0,5.13
799,13.9,7,1284.64,9.51,0,5.86
281,19.09,1,776.56,21.24,2,5.65
749,7.83,3,1151.86,14.41,0,5.55
302,21.31,6,838.56,13.36,1,5.11
667,13.11,4,1160.0,17.99,0,5.56
486,13.56,7,962.98,14.76,0,5.23
399,19.66,3,778.64,5.58,1,5.17
381,28.12,1,1047.32,16.83,0,5.0
468,2.39,9,727.5,4.94,2,5.53
460,24.83,6,1039.2,19.73,1,5.77
112,9.13,8,461.06,23.77,0,3.25
640,13.6,3,1195.34,10.3,0,5.15
772,1.15,8,1128.1,11.78,1,5.67
886,9.38,2,1327.97,3.02,0,5.55
443,15.33,4,857.75,2.3,0,4.62
161,2.16,3,225.29,22.27,1,3.55
310,14.99,10,755.98,4.83,2,5.16
451,27.85,1,1137.9,11.81,1,5.68
768,3.61,7,1120.66,19.94,1,5.77
871,23.05,10,1587.64,21.57,2,8.92
843,12.59,2,1284.44,13.43,0,6.44
708,19.83,4,1288.49,14.43,2,6.98
672,8.18,9,1066.58,16.73,2,6.82
720,5.21,6,1086.64,23.15,1,6.71
68,5.23,8,368.45,15.26,2,4.11
321,2.58,2,568.66,14.31,0,3.79
900,5.98,7,1304.96,2.32,0,5.57
209,20.09,6,655.32,3.78,2,5.51
155,26.51,9,800.08,14.7,1,5.21
574,24.52,7,1135.04,22.6,0,6.19
423,20.71,1,940.6,21.07,0,5.39
911,3.76,8,1384.3,23.62,2,8.43
884,9.03,10,1369.66,13.61,2,8.07
621,9.64,3,1038.79,19.33,1,5.36
826,7.87,2,1260.33,20.49,2,7.12
360,15.69,3,770.03,16.26,0,4.71
776,16.3,6,1322.27,9.45,0,5.64
964,11.03,3,1454.76,12.34,1,6.82
723,10.94,10,1190.68,20.87,2,7.39
337,24.94,5,853.19,8.57,0,4.62
637,23.78,6,1290.99,22.32,0,6.6
382,9.58,8,802.93,7.06,2,5.83
841,27.46,7,1560.91,18.49,2,8.24
401,28.61,8,1092.7,15.87,1,6.17
252,10.14,3,620.02,18.49,0,3.55
796,10.96,4,1239.21,11.62,2,7.06
363,15.42,6,763.97,22.52,2,6.34
568,28.26,7,1209.58,15.91,1,6.94
836,26.35,9,1563.09,8.34,2,7.52
572,3.53,1,886.54,16.05,2,5.91
548,12.09,8,1052.7,8.31,2,6.78
875,16.82,8,1491.84,8.46,2,7.93
808,15.34,6,1389.14,10.79,1,6.8
838,6.22,4,1262.05,20.75,1,6.62
590,25.84,3,1197.49,13.01,1,6.59
954,20.47,3,1618.12,16.94,1,7.43
202,25.22,6,773.89,10.62,2,5.41
60,25.83,8,552.53,7.8,2,4.8
570,22.58,7,1233.2,23.0,1,6.73
416,13.46,1,906.21,15.28,1,5.35
723,18.51,6,1238.04,22.55,1,6.78
798,5.23,7,1154.16,6.48,1,6.26
513,20.37,7,1043.65,5.23,1,5.76
678,5.79,9,1080.94,20.83,0,5.69
926,20.97,10,1600.49,16.98,1,8.03
352,7.27,5,683.67,6.1,0,4.31
146,3.97,1,398.44,7.93,0,2.02
577,5.38,2,858.72,19.61,2,6.07
576,0.56,4,868.67,11.99,0,4.62
20,21.7,5,494.46,16.75,0,3.33
187,22.11,9,672.1,9.0,0,4.99
639,15.69,1,1075.52,10.39,0,5.26
38,5.26,3,275.85,23.8,2,3.98
351,2.96,5,633.45,7.45,1,3.53
603,1.06,3,804.38,13.14,2,6.04
475,5.39,4,801.77,20.58,1,5.07
976,26.78,3,1729.01,7.26,0,7.3
128,7.63,4,390.34,11.13,0,2.92
287,10.95,1,677.64,15.53,1,4.14
464,3.61,8,754.32,12.59,1,4.99
259,7.06,4,580.86,12.11,2,5.14
948,15.82,7,1551.61,9.98,1,7.53
320,18.43,2,837.19,14.91,1,5.33
621,7.74,2,1062.14,15.74,2,6.24
122,2.2,6,346.32,16.37,2,4.7
269,12.04,2,629.55,3.55,1,4.13
472,7.41,6,795.16,15.88,0,4.93
539,6.98,2,848.33,22.97,1,5.4
172,28.82,4,796.26,13.9,1,4.88
878,18.68,7,1549.87,17.74,2,8.23
193,16.93,8,617.63,14.25,1,4.65
362,12.77,3,798.43,20.8,0,4.22
689,13.15,9,1136.44,22.45,2,7.0
450,16.46,2,946.64,6.05,2,5.94
746,21.04,8,1423.77,11.61,0,6.48
708,21.21,8,1352.06,10.63,2,7.06
706,5.56,4,1002.06,10.91,0,5.44
871,15.25,1,1452.48,4.76,1,6.75
869,12.65,1,1413.36,19.9,2,7.82
677,26.18,2,1363.77,2.79,1,5.76
981,19.13,9,1647.53,13.62,0,7.16
343,16.21,2,763.07,16.56,1,4.71
692,3.9,2,1042.06,6.56,1,5.62
658,18.37,6,1270.66,21.93,0,6.3
439,3.96,7,787.2,20.45,1,6.16
613,10.45,7,1069.75,12.36,1,5.45
504,4.71,9,781.3,11.05,0,4.77
678,20.92,6,1225.38,7.2,1,5.75
770,6.58,8,1178.43,18.06,2,7.61
431,12.06,6,857.14,4.9,1,5.21
955,26.92,2,1694.78,16.97,1,8.2
103,6.53,1,331.31,20.53,0,3.07
132,15.48,5,562.45,7.03,1,3.27
756,12.87,9,1255.76,21.06,2,7.82
351,1.03,8,601.14,2.73,0,3.73
397,23.89,4,1014.42,22.08,1,5.48
774,2.54,5,1103.22,4.6,1,5.71
674,14.49,5,1151.71,16.21,1,5.97
60,17.04,6,532.98,7.5,0,2.93
954,19.04,3,1542.53,20.4,2,8.64
789,20.81,5,1385.49,13.27,0,6.55
978,7.97,2,1504.86,4.98,1,6.18
816,0.79,10,1113.7,14.56,1,6.49
124,21.84,1,621.47,10.97,1,3.92
221,16.3,1,639.1,16.55,0,3.77
469,25.17,10,1001.19,21.4,1,6.38
838,24.73,7,1520.38,11.01,0,6.9
862,25.38,2,1514.57,8.38,0,6.36
992,14.81,4,1575.28,2.32,1,6.2
285,10.34,5,702.38,14.65,1,4.39
929,23.85,7,1511.84,10.85,0,6.9
229,13.81,2,611.6,10.24,0,3.66
582,5.91,6,959.67,6.02,2,6.2
137,25.72,1,591.03,11.46,2,4.33
732,26.54,7,1493.31,23.66,0,7.07
396,14.26,9,858.09,8.55,1,5.21
570,2.73,5,929.11,15.19,1,5.46
559,11.94,5,971.7,19.08,1,5.72
790,24.2,4,1438.83,18.48,2,7.9
103,27.1,3,672.05,9.23,0,3.87
473,6.5,9,922.01,15.44,2,6.25
686,2.48,5,1076.31,21.17,1,6.11
648,26.38,8,1329.92,2.34,1,6.24
533,11.99,9,982.17,11.59,1,6.13
624,16.48,5,1177.75,6.93,2,6.16
697,29.06,10,1541.88,10.55,0,6.35
406,2.46,9,693.24,11.15,0,3.91
931,19.63,2,1563.95,18.43,0,6.9
369,2.69,9,616.22,4.06,2,5.53
315,11.58,4,713.45,13.28,1,4.5
277,24.21,6,816.2,14.41,1,4.84
100,13.29,6,494.15,12.87,0,3.84
956,29.92,6,1674.37,18.1,2,9.09
287,16.99,2,736.22,10.44,2,5.21
438,9.97,7,861.88,22.79,1,5.6
254,6.99,6,578.11,12.6,0,3.9
852,10.84,1,1311.87,14.57,0,6.01
330,11.49,2,706.75,20.16,1,4.64
832,2.53,7,1238.12,8.06,1,6.23
994,11.4,1,1453.28,3.65,0,5.76
376,14.2,1,753.97,17.57,1,4.54
232,21.82,1,709.22,12.63,0,3.72
593,19.87,8,1159.12,21.72,2,7.76
68,21.41,4,484.91,23.62,1,4.12
146,0.75,4,384.1,10.78,0,3.03
242,6.92,2,497.99,11.14,1,3.63
940,20.02,1,1589.52,10.98,1,6.56
298,14.78,10,700.35,9.14,0,4.53
427,0.66,9,669.03,19.2,2,6.44
524,24.23,7,1062.08,18.7,0,5.55
313,23.3,4,925.17,12.53,0,3.96
815,16.68,6,1330.13,2.98,0,6.07
296,2.46,2,488.79,8.81,0,2.93
457,23.11,7,1164.0,8.43,0,5.22
126,17.72,2,594.72,19.84,0,3.94
677,23.57,10,1364.07,3.93,1,6.71
439,22.68,8,1039.94,19.72,0,5.77
630,24.19,8,1246.23,16.72,1,7.07
448,15.78,1,858.96,18.11,0,4.95
394,4.64,8,677.46,11.51,0,4.29
92,20.3,2,515.99,16.95,0,3.68
968,18.8,6,1547.69,15.4,2,8.49
653,22.4,1,1190.44,18.92,1,6.49
49,5.51,5,297.17,11.83,2,4.92
207,6.25,7,570.82,12.4,0,3.63
383,26.77,10,1039.06,16.16,2,6.33
885,22.62,1,1546.01,4.38,0,6.05
819,27.29,2,1540.12,11.6,0,6.32
470,22.88,7,904.81,23.38,1,6.25
214,18.12,6,657.41,2.83,1,4.46
175,19.8,3,585.67,8.95,2,5.14
191,26.73,10,786.87,8.91,0,4.37
866,17.57,2,1439.75,15.94,2,7.27
60,19.16,10,465.93,4.33,1,4.02
82,5.12,4,330.79,15.83,1,3.35
42,14.48,3,422.76,4.09,0,2.62
379,21.63,7,1005.18,4.09,0,4.48
94,8.49,8,424.47,18.02,2,5.17
579,6.47,2,952.7,9.13,1,5.2
691,9.76,10,1078.22,23.5,1,6.77
844,7.62,7,1223.43,2.82,2,6.64
137,6.84,8,446.94,11.79,0,3.34
631,13.03,6,1092.65,4.49,1,5.7
399,27.28,6,1050.47,9.73,1,5.49
948,15.46,10,1568.4,23.96,0,7.84
939,6.04,1,1291.74,21.55,0,5.96
698,2.77,4,1099.0,3.06,1,5.12
309,21.04,1,884.87,14.39,1,4.77
459,11.79,4,774.93,16.25,1,5.14
687,24.74,2,1463.15,6.61,0,5.47
952,19.96,5,1607.87,5.19,2,7.9
26,23.99,10,517.12,21.9,0,4.38
215,8.52,9,561.75,23.31,1,4.86
440,20.92,10,942.93,23.82,1,5.8
587,8.29,3,1006.06,19.37,0,4.95
852,28.2,8,1555.73,16.6,0,7.42
212,19.27,3,794.47,9.61,2,5.19
578,10.07,6,997.66,5.77,2,6.38
167,8.45,4,509.64,3.74,0,3.21
806,6.13,8,1169.85,17.25,1,6.86
688,20.99,6,1331.27,19.26,1,6.95
221,6.95,8,518.82,20.18,0,3.74
463,18.06,1,905.91,22.1,1,4.92
933,8.31,6,1382.31,21.36,2,7.71
438,20.03,1,1072.61,23.99,0,4.82
446,24.54,1,1096.25,7.37,2,5.44
498,23.45,8,1080.4,18.79,0,5.67
494,22.95,7,993.59,14.9,1,5.94
145,6.04,3,372.98,7.75,1,3.67
414,3.11,6,623.13,23.6,1,4.95
836,21.12,9,1377.75,21.75,1,7.86
900,11.37,7,1439.83,4.83,0,6.09
825,13.25,3,1341.87,2.58,1,5.88
595,1.42,6,975.06,17.14,1,5.41
344,8.16,4,635.32,15.29,0,3.44
411,1.49,3,665.44,22.59,2,5.81
949,26.44,9,1615.69,7.15,0,7.69
707,7.68,10,1083.86,3.86,1,6.02
647,16.94,2,1169.39,7.7,0,5.16
459,1.65,1,706.82,2.42,0,3.39
223,20.17,2,722.83,2.79,0,3.13
505,10.03,7,955.03,22.13,1,6.11
852,26.99,10,1620.57,9.74,1,7.79
50,26.7,1,572.03,11.04,1,2.93
407,10.1,6,788.38,2.4,0,3.7
644,27.08,7,1368.7,7.95,1,5.93
896,29.89,9,1725.34,19.7,1,8.79
453,24.85,8,1033.29,15.54,1,6.04
856,25.42,6,1593.91,18.58,0,7.17
945,7.85,3,1418.31,11.84,0,6.12
395,17.51,8,833.35,8.81,2,6.32
363,2.48,7,662.81,12.62,0,4.3
462,3.3,3,761.48,9.11,0,3.93
598,29.97,9,1230.08,20.46,0,7.08
94,10.14,2,400.21,8.55,1,3.35
576,22.57,3,1181.74,16.51,1,5.7
791,24.3,2,1433.41,5.01,1,6.53
685,25.81,1,1420.56,17.11,0,6.12
174,29.93,4,870.97,22.09,1,5.09
449,7.62,5,783.98,15.39,0,4.42
382,1.69,6,609.14,14.32,2,5.9
467,12.63,5,893.29,23.14,1,5.38
253,4.34,1,508.7,15.8,1,3.09
582,1.16,3,836.17,7.71,0,4.82
837,11.13,1,1135.91,8.43,0,5.26
281,23.62,5,929.24,17.52,1,5.11
846,17.2,5,1423.22,18.18,1,7.12
144,9.73,6,459.83,8.68,0,3.58
930,19.8,8,1579.26,9.6,2,8.68
264,7.34,10,572.9,23.8,2,5.45
561,0.92,1,815.48,4.24,1,4.94
957,23.05,4,1593.87,10.9,2,8.63
504,18.9,10,946.37,3.37,0,5.12
141,22.99,1,596.33,20.06,0,4.08
144,1.65,9,291.72,4.03,0,3.24
568,25.2,7,1242.15,16.83,1,6.47
189,18.78,7,694.73,3.24,0,3.55
143,17.12,5,534.31,16.8,2,5.23
888,18.93,7,1366.37,20.55,0,6.64
54,26.0,2,605.26,10.77,0,3.16
106,17.81,4,523.27,13.49,2,4.36
665,17.64,7,1190.29,10.83,0,6.2
727,29.73,3,1516.15,8.61,0,5.99
805,22.82,2,1465.23,19.67,1,7.2
220,13.55,10,568.43,7.98,0,3.89
388,21.37,2,875.83,17.9,0,4.63
816,11.98,1,1295.77,6.54,0,5.56
96,7.25,5,328.63,7.5,1,3.17
78,18.11,6,511.63,9.4,2,4.55
450,27.88,6,1159.51,14.96,2,6.66
657,27.91,9,1288.06,12.0,0,6.24
519,10.59,4,936.04,18.39,1,5.7
932,16.07,1,1555.2,6.7,1,6.6
128,6.74,6,400.39,2.23,2,4.54
755,29.87,5,1540.13,19.08,0,7.0
297,29.44,10,933.64,20.08,1,5.6
87,19.66,6,557.84,3.31,1,3.92
88,24.23,3,641.09,15.44,2,4.7
184,21.6,2,666.2,10.32,0,3.63
508,18.0,6,1129.13,19.47,0,5.22
324,2.07,1,598.73,21.24,0,3.09
928,13.92,7,1537.55,20.72,0,7.09
693,20.41,7,1341.3,19.1,1,6.51
384,20.49,10,934.51,7.92,1,5.61
873,11.51,7,1439.54,19.86,1,7.39
840,28.28,10,1591.6,13.74,0,7.08
398,5.44,1,672.71,3.16,0,3.97
362,15.26,4,814.04,12.05,0,3.91
966,20.88,7,1572.09,22.73,0,7.42
918,21.07,9,1462.56,21.53,2,8.5
573,19.63,5,1089.42,4.25,0,5.67
373,8.62,2,730.54,18.37,0,4.57
435,5.11,7,801.75,19.73,1,4.9
128,19.26,10,549.72,7.97,1,4.17
582,18.18,1,1171.61,12.38,1,5.41
781,5.79,7,1113.52,17.64,2,7.19
516,21.3,6,1042.72,11.66,0,4.97
360,13.93,7,863.41,4.48,1,4.56
961,20.2,10,1608.58,17.53,0,7.88
402,25.2,3,1001.72,22.06,0,5.76
552,5.51,3,906.81,16.35,2,5.59
319,1.06,7,488.38,19.02,0,3.76
158,23.48,2,675.26,9.88,1,4.21
378,18.49,1,881.08,6.03,0,3.51
855,21.14,9,1554.67,16.14,1,7.73
518,25.23,9,1066.53,9.21,2,7.05
404,24.18,7,1085.65,20.92,2,6.93
623,28.85,7,1324.12,4.7,2,7.26
978,16.31,3,1512.72,11.54,1,7.12
299,14.91,10,667.87,10.73,0,4.38
656,12.36,2,1136.26,22.64,1,5.87
502,5.03,7,760.49,5.37,1,5.13
928,17.39,9,1496.44,2.22,0,7.1
130,8.67,1,423.55,7.24,1,3.39
885,27.68,4,1684.38,20.05,2,8.29
158,17.7,6,656.02,6.61,1,4.39
454,17.99,7,932.5,7.3,0,5.51
528,10.97,10,937.52,4.86,2,6.33
292,2.03,7,451.08,17.74,0,4.11
118,1.44,10,211.25,3.52,0,3.08
783,12.99,2,1223.0,9.29,1,5.72
869,2.99,4,1293.8,8.21,1,6.13
123,18.4,5,612.6,14.21,1,4.07
233,26.49,1,846.12,18.07,0,4.47
780,26.55,1,1411.37,13.72,0,6.45
683,19.94,10,1233.12,22.48,0,6.63
781,6.73,3,1145.26,22.93,2,7.12
806,25.96,10,1498.3,9.95,1,6.97
184,26.64,3,758.95,19.11,0,4.23
872,6.3,8,1240.8,18.25,0,6.25
539,22.25,9,1148.01,21.65,0,5.74
303,8.95,1,659.3,11.85,1,4.42
536,24.18,2,1119.46,13.67,0,5.49
676,29.92,10,1425.21,11.15,1,7.02
632,1.39,2,985.46,20.71,1,5.14
183,26.97,4,845.55,7.05,2,4.88
905,18.87,2,1543.58,7.27,1,7.14
678,29.21,7,1424.81,10.2,1,7.01
83,14.22,9,450.89,7.07,0,3.17
110,25.5,7,715.99,14.34,1,4.64
136,2.34,6,294.78,4.96,1,2.7
885,10.39,10,1413.54,9.04,0,5.89
286,2.48,1,516.02,22.1,2,5.54
841,29.27,10,1672.8,11.0,0,7.35
704,24.6,9,1393.21,18.46,0,6.69
578,25.65,5,1224.96,4.5,0,5.21
159,28.17,5,751.53,7.45,2,4.64
265,3.01,6,539.43,19.76,1,4.78
680,11.88,9,1168.06,18.79,2,7.06
777,2.6,8,1101.48,10.5,0,5.9
414,6.72,8,752.19,23.0,1,5.56
506,7.27,8,911.07,22.03,1,5.86
495,14.34,1,890.93,23.17,2,5.91
536,8.42,1,955.79,11.41,0,4.05
996,3.48,8,1423.46,6.34,0,6.54
203,5.44,5,534.53,15.79,0,3.51
39,4.84,9,233.62,17.07,2,4.5
956,29.21,2,1735.64,4.76,1,7.44
577,22.9,9,1196.15,19.3,1,6.17
543,29.05,8,1274.29,2.4,1,6.38
601,13.47,9,1094.71,12.62,2,6.78
548,8.71,4,876.27,9.28,2,6.3
902,24.05,1,1607.7,18.29,1,6.81
166,10.12,1,601.21,8.88,0,3.09
685,9.33,5,1142.54,20.19,0,5.92
323,7.36,2,729.9,15.09,2,4.63
639,4.33,8,1033.9,19.47,1,5.99
767,8.07,10,1259.57,23.77,0,6.26
839,10.98,5,1337.0,16.94,1,7.16
883,20.38,5,1541.39,23.67,2,8.53
601,2.35,2,919.23,2.63,1,5.25
714,6.71,7,1107.67,9.44,1,6.14
781,24.37,8,1489.86,4.37,2,7.84
247,4.83,10,492.8,7.77,1,4.66
121,10.61,1,548.62,20.46,0,3.41
606,26.01,2,1220.95,2.71,2,6.32
436,5.07,10,789.82,13.44,2,5.84
977,2.94,4,1435.43,14.48,2,7.63
235,14.79,5,645.02,14.35,1,4.77
426,9.42,2,746.85,12.46,0,3.93
418,17.12,1,966.18,19.39,2,6.14
942,24.21,9,1653.72,4.94,0,7.16
734,4.55,1,1139.72,8.83,2,5.89
723,17.63,4,1276.58,15.55,2,7.45
780,15.41,2,1403.75,17.2,1,6.66
518,4.75,4,737.0,10.89,2,5.57
773,18.91,8,1380.06,21.26,2,8.11
484,8.57,8,926.44,11.14,0,4.63
710,14.89,9,1230.62,10.86,1,6.68
968,2.93,5,1370.67,2.8,0,5.86
993,14.06,7,1530.8,14.13,1,7.22
750,9.54,3,1194.13,17.59,0,5.71
101,24.76,10,559.01,4.52,1,4.25
623,2.18,4,894.38,8.72,2,6.15
966,12.85,10,1462.61,19.19,2,8.94
706,14.02,9,1240.96,10.05,0,5.77
770,21.89,10,1373.78,7.32,1,6.82
791,17.44,10,1333.68,16.79,1,6.86
922,20.18,1,1540.2,6.33,2,7.29
384,23.42,2,924.67,21.7,1,5.44
182,25.93,5,770.8,4.32,1,3.94
67,9.76,3,395.68,17.54,2,4.6
530,16.37,2,1072.8,12.99,1,5.55
348,25.28,1,979.44,21.14,2,6.03
859,29.69,10,1653.79,4.78,2,8.32
135,26.74,3,696.65,16.91,2,5.35
960,11.46,1,1454.24,14.59,0,6.58
868,6.26,1,1241.94,12.56,1,6.57
356,14.94,1,756.84,12.81,2,5.24
900,22.38,8,1575.41,17.88,1,7.84
756,15.03,3,1246.68,22.63,1,6.86
883,14.75,1,1504.27,4.01,0,5.71
859,25.23,7,1557.37,2.43,0,6.77
166,11.16,10,591.67,19.73,1,5.1
594,25.86,3,1279.29,4.38,1,5.94
825,12.5,8,1288.64,23.71,1,7.16
342,10.18,4,710.0,15.63,1,4.9
462,13.89,4,829.08,16.32,1,5.52
856,22.99,5,1531.57,6.38,1,6.71
32,4.22,6,217.41,7.29,1,3.2
962,6.29,7,1343.08,16.51,1,7.18
513,28.57,4,1270.26,22.01,1,6.66
720,5.68,8,1150.73,23.61,0,6.28
306,17.25,6,826.1,6.36,1,4.73
739,17.59,1,1339.76,4.95,1,5.96
133,14.94,1,471.96,3.24,1,2.7
499,19.52,9,1021.58,21.1,0,5.41
41,7.28,10,291.42,8.48,1,3.57
368,16.8,6,758.11,2.04,0,4.56
745,11.48,10,1188.35,6.92,2,7.4
702,20.02,8,1265.4,9.49,0,6.59
854,4.67,7,1251.15,23.8,2,7.88
585,17.34,6,1238.72,13.52,1,6.07
925,5.97,4,1348.51,6.5,1,6.96
829,8.72,7,1281.93,9.37,0,5.97
339,6.95,9,648.54,9.27,0,3.84
145,5.89,10,449.24,2.43,0,3.21
296,24.86,10,824.4,4.97,0,4.92
995,8.93,7,1572.75,17.29,1,7.37
223,27.85,1,829.14,4.65,0,3.86
213,29.11,10,822.49,7.08,2,5.78
700,17.35,9,1298.75,9.72,0,6.15
683,4.72,4,995.85,18.67,2,6.81
566,11.55,3,1038.41,14.81,1,5.46
715,24.03,4,1438.71,17.16,0,6.22
305,11.34,4,674.03,14.47,1,4.49
76,3.07,10,389.89,17.04,0,3.37
753,16.93,2,1339.76,2.06,0,5.08
322,25.43,1,950.68,22.48,1,5.14
182,23.98,10,796.39,4.44,1,4.55
38,5.67,1,362.19,10.94,2,3.73
389,20.35,8,935.14,18.96,1,5.38
283,7.0,2,634.45,11.58,2,4.72
813,6.94,10,1299.52,22.83,2,7.77
132,26.29,5,644.66,12.29,2,5.07
507,7.87,4,789.97,21.25,1,5.35
346,8.27,8,686.37,19.84,0,4.64
561,0.52,2,743.33,23.58,0,4.76
666,26.18,10,1326.2,22.38,1,7.66
598,23.88,9,1241.52,21.76,1,7.09
84,19.01,7,522.17,18.1,0,3.35
311,22.63,7,855.57,10.07,1,4.84
44,4.99,1,227.57,4.33,0,1.98
568,14.02,2,1081.31,17.15,1,5.69
20,10.86,4,283.73,23.53,0,2.95
930,3.27,4,1209.9,17.99,1,7.31
568,14.84,3,1043.83,22.43,2,7.0
160,27.66,7,802.65,19.69,0,4.03
763,1.68,8,1094.79,5.59,1,6.1
667,9.1,2,1028.66,7.48,2,6.19
920,6.62,4,1358.4,9.52,0,6.43
207,7.53,3,533.27,5.7,0,2.54
147,27.3,2,740.42,14.8,0,4.47
220,14.31,6,615.42,23.46,1,4.66
146,14.26,4,563.4,18.75,1,4.37
276,22.94,6,738.38,11.31,0,4.19
695,5.06,2,1015.2,2.1,1,5.12
566,14.87,4,986.99,8.89,0,4.44
213,13.18,6,670.72,13.59,2,5.48
722,18.11,5,1323.65,9.13,0,5.71
123,29.99,3,756.71,4.44,2,4.76
554,23.2,8,1090.27,11.74,1,6.97
284,12.24,7,711.61,7.57,1,4.79
821,24.91,3,1578.18,22.0,1,7.24
961,5.54,6,1414.87,4.24,1,6.54
993,1.4,4,1360.84,3.08,1,6.55
403,6.53,5,763.14,2.12,2,5.29
279,10.54,5,656.55,9.22,1,4.85
433,15.56,7,949.3,16.53,1,5.12
377,18.65,5,927.33,18.07,1,5.63
94,27.36,3,662.15,11.97,2,5.18
374,15.54,10,798.87,17.06,1,5.39
603,15.29,5,1082.96,9.92,0,5.13
790,1.98,7,1154.49,16.69,1,6.01
929,1.53,5,1270.78,2.89,1,6.15
207,16.76,5,612.27,10.6,2,5.11
992,13.43,9,1541.8,19.4,2,9.21
704,25.26,3,1429.07,19.67,1,7.39
309,5.24,6,606.16,17.76,0,3.76
64,1.24,1,231.59,6.49,2,3.79
592,13.75,10,1082.67,7.44,1,5.44
102,7.51,5,389.25,23.91,2,4.63
142,1.96,8,253.12,4.27,0,2.77
377,21.88,5,965.44,5.97,0,4.51
547,3.79,9,883.62,4.86,0,4.69
85,18.45,6,529.56,9.21,1,4.05
955,8.79,8,1480.97,6.62,2,7.73
676,5.62,10,1106.15,12.95,0,5.96
394,11.7,8,838.24,12.47,1,5.41
181,24.14,3,686.78,21.83,1,4.75
765,12.07,7,1208.26,2.76,1,6.47
399,22.65,7,1024.42,9.04,1,6.06
675,4.2,10,929.14,15.13,2,6.8
377,23.3,6,944.46,15.31,0,5.46
207,7.49,7,532.74,12.56,2,4.74
341,20.48,2,778.88,19.94,0,5.0
469,17.19,9,982.37,3.38,1,5.26
493,27.91,10,1207.97,19.94,2,7.65
32,11.93,10,293.07,12.88,0,3.4
203,2.45,1,513.26,4.94,0,2.06
130,1.07,1,271.56,21.49,1,4.11
946,24.89,3,1687.29,16.28,1,7.43
527,15.98,3,1017.92,5.6,1,4.84
309,23.37,1,874.83,2.74,0,3.57
314,7.42,7,573.93,5.1,0,4.48
470,10.68,4,937.22,15.39,1,4.89
923,1.39,10,1294.74,5.94,0,6.25
234,28.86,2,944.74,6.97,2,4.9
993,20.2,10,1581.73,2.55,0,6.8
651,28.03,5,1342.59,17.9,1,6.39
913,8.33,6,1381.03,19.83,0,6.79
586,18.54,9,1134.32,19.53,0,5.97
46,20.52,4,546.34,4.81,1,3.19
649,9.87,2,1067.15,21.87,1,6.32
752,25.52,5,1541.3,16.79,0,6.82
250,28.44,3,878.59,21.75,0,4.81
584,26.6,2,1105.59,11.84,0,5.8
826,22.3,1,1479.91,11.61,2,7.36
340,8.69,10,751.42,19.26,1,5.41
932,8.81,2,1354.38,4.05,0,5.71
252,28.92,6,836.86,13.46,1,4.75
689,0.8,8,946.78,20.4,1,6.34
456,21.62,3,967.68,20.26,2,6.52
800,21.33,9,1405.98,23.03,2,8.42
552,18.87,9,1140.91,17.36,0,5.92
422,29.71,2,1178.37,6.57,0,5.13
72,9.7,8,260.69,2.45,0,2.76
806,10.53,10,1256.23,12.55,2,7.38
332,2.83,5,605.98,13.3,2,5.02
300,13.56,4,723.53,7.29,1,4.33
745,8.2,10,1262.0,4.74,0,6.0
50,10.63,5,268.92,14.9,1,3.68
356,25.12,4,824.55,18.81,0,4.59
202,28.1,8,917.01,23.85,0,5.21
42,5.98,4,327.77,18.68,1,3.7
563,11.49,10,969.38,19.46,0,5.75
465,27.89,6,1134.93,15.56,0,5.79
93,2.32,2,308.56,23.69,1,3.95
29,3.22,5,203.32,16.08,0,2.6
503,5.3,6,840.19,20.93,0,4.71
475,18.06,5,1008.64,22.81,0,5.37
585,4.94,2,1026.88,22.46,2,6.49
583,29.06,7,1333.67,10.39,2,7.16
679,13.68,4,1256.97,3.73,0,4.84
179,15.29,8,526.97,5.78,1,4.26
901,7.78,7,1330.54,3.3,0,5.4
33,14.39,7,417.56,4.32,1,3.35
197,20.03,9,590.79,6.06,1,4.82
431,22.66,1,1066.19,9.5,2,6.08
897,22.74,10,1599.61,13.96,1,6.75
72,17.55,6,481.29,17.66,2,4.85
427,27.18,6,1060.93,6.64,2,6.43
866,24.61,6,1621.04,16.8,2,7.98
41,22.83,6,501.88,17.49,1,4.17
49,2.14,10,305.61,14.29,1,4.04
722,0.7,7,1014.3,21.88,1,6.24
279,6.77,10,624.15,4.44,0,4.25
224,20.07,6,724.19,5.9,0,3.6
78,12.63,1,544.71,11.43,1,3.8
490,12.37,3,879.18,4.79,1,4.9
795,26.6,2,1474.34,14.46,2,7.44
485,26.92,6,1060.49,10.76,0,5.77
31,27.32,8,542.16,8.26,0,3.24
650,9.76,3,1112.06,5.74,2,5.93
946,20.89,10,1678.56,9.38,1,7.96
993,8.51,8,1510.57,15.38,0,7.02
309,6.12,8,612.33,14.67,2,5.51
869,5.95,5,1237.37,5.6,2,6.94
779,10.59,8,1288.57,4.75,1,6.02
373,13.18,6,747.87,2.59,2,5.11
658,25.01,5,1247.3,2.27,1,6.52
94,4.04,9,307.98,21.36,2,4.45
892,22.18,7,1451.4,2.99,2,8.33
735,16.18,8,1205.63,18.09,0,6.48
580,8.99,1,1075.15,21.18,1,5.46
610,15.04,2,1029.26,4.16,0,4.17
460,9.35,8,782.84,11.6,0,4.18
260,18.08,9,736.79,23.17,2,6.04
880,13.3,4,1411.7,20.35,1,7.08
173,5.35,10,426.12,12.77,1,4.27
805,3.94,10,1074.93,18.78,2,8.18
115,16.63,9,579.87,20.33,2,5.55
745,27.12,4,1428.65,9.66,2,7.45
313,10.65,10,746.37,21.63,1,5.74
228,22.12,10,723.16,12.35,0,4.56
362,19.93,10,932.47,13.61,0,5.49
107,27.98,9,762.9,23.99,1,5.07
837,24.72,7,1501.85,20.55,1,7.41
795,17.21,2,1406.17,9.96,1,5.84
956,19.88,9,1528.97,2.23,1,7.4
409,27.0,4,1058.98,15.78,2,6.02
344,12.29,8,808.26,17.49,1,4.86
959,10.14,7,1478.82,16.32,1,7.79
908,0.82,7,1372.21,23.29,0,6.08
851,24.88,8,1573.12,20.99,0,7.34
176,24.13,1,704.89,11.87,0,3.62
687,3.58,5,1170.14,3.38,2,6.16
670,17.52,2,1298.49,12.47,0,5.88
652,14.19,2,1065.1,17.16,1,5.8
596,4.0,1,885.99,15.37,1,5.68
638,29.43,5,1305.14,13.84,0,5.58
678,6.83,2,1098.33,12.31,0,5.25
156,2.48,4,402.96,8.46,1,3.84
942,18.05,3,1579.32,8.1,1,5.85
693,22.3,3,1234.6,13.01,2,7.14
447,1.46,2,676.4,5.53,1,4.2
471,19.93,6,1006.69,9.5,1,5.58
631,16.2,2,1059.1,9.13,2,6.93
869,3.55,8,1202.46,14.92,1,6.65
930,5.59,8,1417.67,3.47,2,7.07
838,17.26,5,1336.8,20.25,0,6.71
160,9.24,10,553.36,14.37,1,4.75
102,28.18,7,749.66,16.76,1,4.96
196,24.65,4,740.41,17.47,0,4.23
217,29.52,1,820.76,8.41,0,3.81
643,8.16,2,1085.59,12.35,1,4.97
587,29.11,10,1251.66,23.04,0,6.85
991,13.22,10,1500.6,18.87,0,7.69
710,10.75,4,1162.06,23.33,2,7.05
440,1.99,1,601.34,18.42,2,5.25
420,2.06,8,612.4,5.86,1,4.33
717,20.91,9,1308.27,3.42,2,7.53
490,14.01,4,971.93,14.71,2,6.04
237,7.18,10,502.02,9.87,1,4.4
944,18.61,3,1552.07,8.06,0,6.69
948,7.96,2,1326.33,19.76,2,7.89
847,17.54,5,1476.12,10.07,1,7.08
748,11.1,3,1225.1,8.97,1,6.1
651,24.79,10,1318.48,20.7,1,7.32
970,24.71,7,1709.06,20.62,1,8.34
925,14.58,6,1482.61,9.84,2,8.01
194,10.85,1,521.36,20.31,0,3.69
42,11.2,8,424.88,20.72,2,4.45
744,24.27,2,1414.69,11.33,2,7.1
936,10.18,5,1417.61,3.46,1,6.63
254,6.67,9,554.42,2.03,1,4.22
32,3.0,8,231.9,13.51,1,3.93
120,14.27,2,499.26,9.57,0,2.77
948,14.72,9,1530.71,23.94,0,7.76
555,25.31,5,1148.86,18.99,2,6.95
895,7.03,10,1286.31,18.75,1,7.85
542,11.74,6,1004.46,23.02,0,6.05
804,24.35,3,1472.79,21.53,0,6.2
471,24.8,3,1135.77,9.0,2,6.09
450,11.85,10,888.19,5.65,1,4.6
812,14.04,8,1307.37,18.41,2,7.41
625,9.45,10,1070.5,10.32,0,5.02
732,28.01,10,1508.41,12.41,1,7.55
552,4.0,2,894.75,15.87,0,4.72
871,28.05,2,1649.23,21.97,1,7.92
998,20.67,5,1649.06,11.22,1,7.87
742,16.18,6,1332.75,19.23,0,6.44
671,1.46,2,948.07,7.9,1,5.27
312,14.53,5,759.28,17.36,1,4.91
829,12.53,7,1461.23,2.03,1,6.77
932,5.26,10,1374.24,21.17,2,8.32
120,19.86,10,570.86,2.67,0,3.74
521,29.15,8,1191.29,17.68,1,5.93
323,17.08,7,790.23,3.02,2,5.01
890,21.59,8,1584.41,7.86,2,8.39
559,2.52,9,865.89,12.94,2,6.1
572,12.82,5,996.27,11.24,1,5.25
374,3.93,5,625.24,6.22,2,5.2
322,18.58,10,822.7,9.34,1,5.22
515,28.19,4,1192.97,18.01,0,5.54
677,20.02,9,1285.45,16.72,2,8.08
787,2.77,5,1181.82,3.58,1,6.21
993,10.96,2,1642.37,18.44,0,6.68
246,16.74,10,623.2,3.17,0,4.2
255,12.39,8,676.19,13.94,2,4.76
892,25.09,7,1601.67,7.72,0,7.18
911,24.53,8,1518.92,14.93,0,6.96
474,18.55,3,1059.53,7.75,1,4.77
32,11.52,4,382.26,23.67,0,2.76
229,8.03,5,585.24,8.81,2,4.15
760,3.62,6,1031.33,7.32,1,6.29
416,10.97,1,802.73,8.13,1,4.71
119,12.69,4,429.19,21.72,2,4.68
50,20.44,10,624.76,16.0,1,4.74
917,19.92,5,1606.43,18.08,1,7.44
547,2.57,7,810.9,22.2,2,6.57
668,12.16,5,1057.17,22.06,1,6.33
348,5.86,1,665.2,18.26,0,3.83
185,5.13,7,503.57,6.35,1,3.5
478,24.91,8,1010.5,20.55,2,6.88
841,1.74,7,1138.71,6.48,2,7.13
971,12.87,4,1452.97,18.34,2,8.39
119,5.46,8,418.05,17.08,2,4.62
640,26.44,5,1296.11,18.7,2,7.04
874,16.93,10,1436.35,13.72,2,8.99
192,7.33,9,499.08,16.05,0,3.86
768,15.32,10,1257.49,22.97,1,7.54
181,22.08,5,626.22,4.22,1,3.8
924,28.76,1,1758.68,8.79,1,7.66
747,7.0,9,1224.52,15.45,0,6.44
795,26.64,5,1512.58,23.21,0,6.5
282,28.06,6,921.91,4.1,0,4.27
823,27.53,4,1613.6,2.5,1,6.76
293,19.24,6,798.03,3.23,2,5.97
22,19.08,8,441.65,3.15,2,4.76
47,12.39,3,394.22,21.97,2,4.1
345,22.7,5,974.16,17.87,2,5.91
959,16.17,2,1546.02,16.9,1,7.08
168,20.48,2,625.33,13.5,1,4.33
559,13.14,7,1025.25,19.2,1,6.59
507,22.08,10,1122.41,5.42,1,5.97
841,24.82,10,1558.31,10.62,0,7.15
457,4.82,10,798.34,12.78,1,5.15
84,25.07,6,585.52,4.43,1,4.15
375,16.44,4,885.11,11.23,1,4.8
552,25.42,5,1195.12,8.96,2,6.21
271,13.22,1,637.91,2.78,1,3.94
254,11.68,7,668.11,5.01,0,3.65
246,27.49,8,834.87,18.81,1,5.18
544,7.91,9,842.74,2.4,1,5.81
332,25.4,8,879.37,22.55,0,5.09
68,14.78,5,444.22,3.9,0,3.01
137,15.67,3,578.37,19.58,1,4.12
73,9.6,10,338.4,21.77,2,5.55
669,17.4,9,1201.77,22.7,1,6.97
584,10.09,6,941.32,21.08,2,6.3
63,1.66,5,299.6,8.33,2,4.01
834,8.52,3,1364.47,9.33,0,6.17
72,0.69,6,327.21,11.38,1,3.14
605,29.36,3,1364.65,5.06,1,6.25
577,28.99,10,1320.38,2.49,0,5.81
544,12.16,6,881.61,21.12,1,5.91
696,21.99,4,1323.91,14.19,1,6.83
121,10.7,2,430.9,15.39,0,2.87
811,20.3,8,1471.72,22.39,2,8.34
789,24.26,4,1333.82,16.63,2,7.92
868,28.43,9,1627.7,17.2,2,8.81
887,12.31,7,1388.33,19.31,0,6.57
417,23.61,2,1060.47,4.56,2,6.28
157,8.34,4,540.9,9.92,1,4.07
694,29.71,5,1382.01,23.3,0,7.03
940,1.26,3,1252.71,22.3,2,8.11
406,18.3,9,923.22,21.45,1,5.99
130,19.96,5,692.09,11.95,1,4.1
633,20.8,2,1224.61,20.86,1,6.07
36,4.05,3,189.99,3.06,0,1.86
799,28.19,9,1501.36,5.27,1,6.96
201,5.84,7,488.93,11.11,1,3.9
903,18.87,2,1528.66,12.63,1,7.14
555,7.07,9,886.85,7.8,1,5.82
560,9.56,4,934.11,9.84,2,6.32
190,16.62,9,578.22,5.58,1,4.03
428,12.81,2,912.81,12.76,1,5.12
759,5.23,10,1097.51,19.46,2,7.9
397,5.54,4,686.26,16.55,1,4.74
207,12.84,5,566.34,4.37,0,3.68
877,22.84,2,1464.7,12.73,0,6.77
249,26.99,10,810.48,17.35,1,5.22
852,2.98,1,1278.51,13.66,0,6.23
871,12.1,7,1316.24,10.62,1,6.76
138,3.46,10,319.32,15.68,0,3.83
175,0.99,1,308.22,23.31,0,3.47
803,20.02,8,1409.37,4.09,1,6.46
706,18.27,3,1365.52,10.58,2,6.99
484,5.31,10,803.82,10.95,1,5.68
123,7.4,6,411.94,14.69,2,4.21
623,1.2,7,875.83,5.35,2,6.05
717,25.13,10,1384.27,5.89,0,6.62
991,29.25,1,1839.4,8.28,0,7.28
814,4.5,6,1201.45,23.03,2,7.46
521,7.33,7,991.74,18.15,2,6.86
712,26.12,6,1459.17,16.56,1,7.45
701,27.83,4,1404.33,19.97,2,7.84
718,12.88,1,1199.51,4.81,0,4.87
194,1.99,9,494.2,20.91,0,3.5
753,1.66,4,1085.37,15.09,1,6.14
764,17.43,7,1398.7,9.38,1,7.14
693,12.09,7,1263.1,19.95,0,6.0
440,1.35,2,688.04,19.66,1,4.54
153,17.71,1,616.85,20.61,0,3.91
410,0.83,8,703.45,4.54,1,4.55
755,23.73,8,1450.33,23.33,2,8.44
520,9.54,7,955.12,23.11,2,6.53
684,1.69,8,929.48,9.86,1,5.74
52,17.86,3,437.88,3.45,1,3.15
74,12.23,2,397.49,5.68,1,3.33
973,29.23,7,1816.77,23.84,0,7.91
538,16.55,8,982.08,14.39,0,5.63
775,8.62,1,1285.46,9.85,0,5.15
844,21.43,10,1523.24,8.34,2,8.23
657,8.51,9,1123.76,7.65,2,6.92
31,27.18,4,548.42,16.61,1,4.32
547,11.55,4,983.27,11.23,1,5.71
739,16.72,3,1302.55,23.24,0,6.09
574,1.99,6,881.4,17.04,1,5.77
392,13.07,1,831.23,19.42,1,5.05
503,25.05,6,1115.52,8.44,1,5.6
992,24.27,2,1711.21,3.74,0,6.08
666,7.12,9,1107.68,12.73,2,6.39
247,7.17,2,495.62,8.92,1,3.14
642,24.61,7,1366.9,6.45,2,7.21
326,27.95,1,1009.54,22.96,2,6.06
476,3.31,7,722.59,11.77,2,5.81
179,13.78,5,590.69,5.84,0,3.26
350,10.45,8,771.82,6.37,0,4.3
795,26.19,4,1435.09,8.18,0,6.47
244,2.96,10,489.3,23.98,0,4.31
748,6.73,7,1144.62,7.9,1,6.18
523,22.7,6,1085.82,9.23,1,5.91
475,2.01,5,754.77,16.51,1,5.49
64,15.03,4,422.24,8.47,0,2.33
233,13.54,7,701.42,6.75,2,4.81
78,10.36,5,367.67,5.49,0,3.01
663,12.14,5,1167.3,8.88,0,5.64
635,16.13,1,1071.18,4.33,1,5.57
214,5.26,2,477.61,2.41,2,3.97
944,17.37,5,1543.97,19.7,1,8.25
508,24.26,3,1113.79,5.03,0,4.91
176,22.92,2,685.18,19.07,1,4.58
629,5.04,4,947.02,19.55,0,5.65
245,4.9,4,555.23,13.83,0,3.61
431,8.41,4,843.32,8.81,1,5.03
224,11.15,4,581.94,5.19,0,3.6
98,12.55,3,401.02,18.21,0,3.18
143,20.55,7,719.55,15.23,1,5.12
490,2.17,9,726.56,16.42,2,5.41
959,1.52,5,1250.63,2.19,2,6.49
237,12.06,4,514.67,22.41,1,4.48
535,21.07,2,1113.02,3.46,0,4.56
621,6.21,2,977.48,10.07,0,4.82
123,19.42,5,640.45,10.86,0,3.31
412,8.16,7,797.35,2.03,1,4.62
650,26.64,10,1344.11,12.94,1,6.94
664,26.92,10,1337.03,18.56,1,7.91
843,9.27,9,1356.15,20.11,1,7.06
627,7.28,7,1104.97,21.35,0,5.14
999,12.63,5,1588.7,12.73,1,7.77
453,7.6,10,784.42,15.87,0,4.76
350,20.34,10,914.18,3.75,1,5.14
162,24.87,10,697.35,12.74,1,4.78
819,20.36,6,1382.95,5.41,1,7.02
559,24.82,3,1148.15,10.13,1,5.48
297,12.21,5,671.64,9.24,1,3.62
252,5.11,8,534.25,11.32,0,4.11
548,22.27,1,1244.68,14.58,0,5.24
590,11.13,1,980.87,21.86,1,6.12
109,20.3,7,651.47,10.68,0,4.03
511,8.48,5,874.54,23.58,1,5.49
218,2.9,5,354.28,18.7,1,4.19
381,29.78,1,1028.61,13.25,2,6.2
460,5.11,9,837.48,16.17,2,6.11
45,29.66,1,666.13,4.25,0,2.93
44,29.33,5,662.97,20.58,2,5.24
413,23.92,10,1070.83,14.81,1,6.35
526,19.95,9,1028.63,23.69,1,6.53
320,17.55,4,744.66,16.0,0,4.55
358,26.05,8,857.16,20.35,2,6.77
286,9.04,6,672.65,19.59,0,3.91
480,14.3,3,968.62,9.6,2,5.92
712,18.77,4,1322.15,7.71,0,5.18
475,12.63,2,850.3,11.47,1,5.16
379,13.11,1,721.24,12.28,1,4.9
87,10.24,8,342.02,7.28,0,3.44
882,17.14,1,1419.37,21.68,0,6.31
431,25.59,1,1128.75,13.94,1,5.25
990,6.45,4,1484.76,23.53,0,7.0
510,28.07,10,1160.14,19.82,1,6.65
852,20.83,10,1499.81,14.23,1,7.06
68,24.79,6,569.53,22.83,2,5.23
706,16.91,9,1269.06,13.11,1,6.85
583,23.5,1,1145.2,21.52,0,5.97
121,0.98,7,347.41,9.88,0,3.4
235,24.64,10,759.11,10.33,0,4.59
457,1.68,5,763.9,11.2,2,5.63
719,26.75,8,1392.68,14.03,2,8.16
588,29.76,7,1262.5,14.18,1,6.08
578,9.17,4,1061.8,12.92,0,4.63
178,6.7,4,472.95,8.73,2,4.39
508,23.08,6,1089.69,22.4,2,7.54
705,7.96,6,1153.31,14.95,2,7.13
261,26.03,9,786.65,10.97,2,6.06
813,3.53,5,1233.89,16.33,1,6.41
772,4.22,8,1132.73,18.9,0,6.21
901,29.38,5,1701.94,23.14,1,7.96
24,20.38,2,407.11,12.99,1,3.38
615,25.48,6,1251.08,4.47,1,5.94
839,10.07,9,1308.08,11.7,1,7.37
380,20.46,3,964.41,12.54,0,4.25
478,18.03,1,1028.07,21.73,1,5.5
267,18.29,1,725.13,10.69,1,4.47
585,20.63,3,1177.35,22.97,0,5.5
692,17.47,10,1305.28,12.67,1,6.86
965,13.16,5,1495.4,23.42,2,8.53
441,8.64,3,793.36,2.18,2,4.95
942,23.17,9,1533.46,21.77,1,8.24
757,7.18,8,1152.15,22.48,1,6.61
34,20.92,3,417.62,23.14,0,3.99
755,7.38,9,1160.98,2.29,1,6.21
592,18.95,6,1194.06,5.78,1,5.53
141,22.54,7,551.32,16.38,1,4.75
296,6.95,4,671.16,2.56,2,4.64
577,2.27,4,859.94,3.4,1,4.19
472,4.36,2,780.44,6.86,0,4.31
409,18.38,5,891.38,13.27,0,4.43
313,25.56,8,823.34,14.01,1,6.13
593,1.83,7,849.9,2.75,1,5.36
617,22.16,7,1327.67,5.75,2,6.52
465,10.57,6,811.75,12.99,1,5.21
229,14.62,3,564.67,15.07,1,4.65
609,27.9,5,1306.36,5.26,1,6.1
733,10.29,1,1179.66,10.77,1,6.23
321,14.23,7,732.48,21.9,1,5.21
928,0.9,9,1277.82,23.98,1,7.44
242,2.91,1,516.26,23.72,1,4.44
753,8.13,2,1146.19,21.4,0,5.97
22,1.32,3,205.92,10.68,2,3.25
537,19.13,3,1132.54,17.1,0,5.4
112,13.08,8,430.84,11.17,0,3.53
539,16.67,7,930.74,16.27,0,5.19
447,5.65,6,804.69,8.81,0,3.84
512,9.23,10,1028.0,15.34,1,5.28
254,20.08,10,755.63,13.52,0,4.49
639,28.98,4,1361.6,2.54,0,5.52
180,1.99,9,381.06,19.4,1,4.48
740,26.77,1,1518.95,2.26,1,6.45
771,17.52,2,1334.11,8.45,0,5.57
350,17.14,4,817.77,2.13,1,4.47
352,15.26,3,846.84,10.28,1,4.46
69,2.55,1,246.84,3.39,2,3.33
542,3.15,5,783.42,22.1,1,5.91
882,18.23,7,1525.97,11.14,0,6.71
687,10.56,2,1103.22,12.11,1,6.18
511,27.56,5,1127.83,9.7,1,6.24
601,12.49,6,1163.55,15.81,0,5.88
700,4.73,7,1052.02,19.26,2,7.09
291,21.58,1,847.61,16.26,1,4.62
599,9.15,7,1007.53,18.46,2,6.98
886,16.0,4,1408.88,21.93,1,7.31
271,21.09,8,826.02,21.0,1,5.62
579,27.06,4,1266.43,16.83,1,6.22
715,23.87,6,1333.08,6.72,1,6.33
851,20.45,9,1499.61,16.03,1,7.97
718,20.55,5,1294.13,13.13,2,7.04
109,28.4,4,651.58,17.78,1,4.94
465,9.23,8,786.17,20.32,2,6.59
351,0.53,9,592.65,18.34,2,5.64
158,8.52,4,448.26,20.62,2,4.28
376,6.93,3,780.24,3.41,1,4.61
620,20.02,8,1192.15,2.7,1,5.75
293,19.19,5,750.19,7.69,0,4.35
38,18.01,2,473.64,21.81,1,3.73
330,0.98,10,495.99,20.12,0,4.17
889,22.0,9,1542.59,17.02,0,7.47
905,10.04,3,1402.56,17.42,0,6.55
997,20.12,2,1657.98,17.99,2,8.06
173,16.92,1,676.54,22.74,2,5.53
409,10.61,8,929.83,20.31,1,5.48
279,4.47,3,585.42,15.71,1,4.21
639,3.29,7,1025.09,16.65,1,5.85
902,25.03,1,1735.02,6.7,1,6.64
816,27.59,1,1492.74,16.46,1,7.35
590,19.67,9,1159.58,11.34,1,6.43
144,3.55,8,352.15,5.37,1,3.34
373,12.36,3,825.13,19.74,1,5.33
292,22.0,6,843.98,13.23,1,5.1
638,23.5,3,1227.18,23.5,1,6.73
830,3.99,4,1206.4,8.2,2,7.37
264,0.5,1,526.65,12.57,0,2.6
867,21.51,5,1447.86,11.86,0,6.14
469,11.02,1,838.23,4.66,1,4.17
949,8.01,1,1361.59,11.37,0,6.18
266,0.88,10,498.72,8.33,1,4.14
539,16.44,7,1105.43,5.53,0,4.92
160,25.61,6,625.66,8.21,1,4.2
381,28.75,2,1043.17,7.13,0,5.03
27,17.19,2,394.04,18.15,1,4.31
497,15.68,7,1031.87,2.68,1,5.56
371,3.01,1,628.5,15.58,0,3.28
514,16.69,2,1023.68,18.73,2,6.22
625,11.71,8,1075.58,12.58,0,5.78
852,18.41,6,1504.76,22.49,2,8.25
446,11.97,2,967.18,17.57,2,6.13
58,7.59,7,276.72,18.45,0,3.64
612,3.3,4,886.27,6.33,2,6.44
206,9.79,2,560.12,19.1,2,4.67
615,3.35,6,897.43,20.31,2,6.64
619,5.72,9,1025.28,9.95,1,5.71
773,29.63,9,1576.76,6.69,0,6.08
873,13.6,8,1374.27,10.47,2,8.02
112,16.19,3,489.07,18.27,0,3.67
105,26.27,3,656.31,11.19,0,3.41
63,29.87,2,678.85,18.21,0,3.29
156,17.69,5,618.29,4.5,0,3.2
440,24.47,4,932.41,19.73,1,6.1
93,10.14,7,365.33,7.57,1,4.05
567,9.52,4,953.0,7.48,2,5.77
632,12.38,9,1054.25,14.99,0,6.1
531,20.34,2,949.06,3.54,2,6.13
175,20.62,6,574.88,2.58,2,4.94
957,9.8,7,1380.13,7.74,0,6.11
274,4.43,4,539.49,13.84,1,3.79
190,19.16,6,643.59,21.97,2,5.37
1000,4.29,7,1382.77,20.62,1,7.49
747,17.57,4,1349.78,12.79,2,7.78
189,20.96,8,731.01,2.82,1,4.15
783,21.17,9,1414.65,13.78,1,7.5
891,22.73,1,1566.16,17.51,0,6.54
341,26.25,7,910.12,9.46,1,5.51
586,15.25,9,1045.1,4.44,0,5.24
475,22.04,10,965.22,8.13,1,5.97
963,18.77,5,1574.61,18.97,2,8.6
622,6.01,2,1025.84,9.73,1,5.22
809,1.26,10,1207.42,19.86,2,7.73
632,8.89,6,1029.51,9.03,1,6.11
174,13.57,7,586.93,5.6,1,3.81
908,18.7,2,1377.3,11.59,1,7.38
368,25.57,2,953.5,11.95,2,5.77
470,6.29,10,785.53,2.35,1,4.92
895,4.2,10,1361.56,4.57,0,6.35
672,28.92,1,1409.85,6.07,2,6.78
192,3.69,4,460.46,4.5,1,3.52
29,14.62,7,426.22,9.51,0,3.12
759,17.77,9,1329.62,23.22,1,6.81
284,16.47,3,814.47,13.2,2,5.41
457,3.04,7,628.74,15.81,1,4.74
779,2.18,7,1124.81,9.84,1,5.76
266,3.61,7,579.84,9.12,2,4.96
686,17.77,2,1145.18,2.51,2,6.58
565,16.56,6,1118.3,13.01,1,6.31
518,7.4,2,844.54,12.64,0,4.13
148,19.31,6,622.74,5.47,0,3.25
691,24.69,10,1310.53,18.82,1,7.48
620,1.73,3,967.91,12.84,2,6.39
624,15.19,2,1112.23,9.46,0,5.12
346,20.83,6,919.94,5.23,1,4.65
772,7.94,2,1217.27,14.15,0,6.01
854,9.58,5,1278.81,18.56,1,6.89
999,18.6,2,1652.89,8.2,0,6.57
423,26.99,3,1029.27,6.81,0,4.26
648,24.39,3,1296.66,13.48,0,5.99
625,17.7,6,1150.17,5.42,1,6.17
694,22.04,6,1358.4,16.67,1,6.62
630,11.26,10,1101.92,15.32,0,6.33
644,19.41,3,1212.41,3.92,2,6.28
378,14.25,3,783.06,2.8,0,4.03
622,6.1,1,924.45,15.65,1,5.53
877,21.2,7,1527.18,8.47,2,7.36
737,16.92,8,1256.59,3.9,1,6.59
36,11.08,2,265.5,18.71,1,3.66
293,27.38,4,845.8,8.91,0,3.83
704,1.12,10,1092.89,12.11,2,7.32
135,9.82,7,426.3,7.21,1,3.93
880,2.18,8,1292.81,15.8,2,7.98
999,23.11,1,1677.62,8.63,0,6.25
712,21.21,4,1384.53,23.3,1,6.86
110,10.27,6,494.41,17.46,2,5.11
101,20.43,3,536.37,5.01,2,3.9
343,12.18,5,644.9,11.17,0,4.01
980,22.81,10,1572.98,10.48,2,8.89
133,13.9,9,477.67,13.75,0,3.21
788,12.66,3,1379.98,20.52,1,6.36
77,28.07,5,642.92,14.84,0,4.26
173,7.9,8,483.36,3.35,1,3.81
896,4.05,6,1351.12,16.42,1,7.26
423,17.74,4,929.22,2.18,0,4.27
647,29.09,8,1366.54,19.16,0,7.33
874,11.65,3,1404.68,16.67,0,6.43
285,2.33,3,541.4,8.79,2,4.92
334,10.51,4,703.48,8.43,2,5.05
734,15.42,9,1226.03,19.56,2,7.85
60,5.28,5,305.12,19.23,0,3.25
124,19.91,8,652.17,9.75,1,4.58
920,29.93,6,1792.05,8.58,1,7.7
909,13.83,3,1462.86,14.32,2,7.73
212,10.96,8,606.56,2.18,1,4.17
420,12.32,9,852.29,3.82,2,5.9
297,3.9,8,560.53,4.78,2,4.58
373,26.56,4,1021.71,6.08,2,5.9
768,12.74,6,1322.17,13.26,0,6.11
956,11.92,1,1431.68,23.83,0,6.48
752,19.96,4,1279.23,16.36,1,7.08
599,13.54,8,1045.25,3.35,1,5.84
728,19.62,1,1328.48,13.56,0,6.44
275,2.31,3,558.14,12.93,0,3.36
670,24.5,1,1272.02,5.17,2,7.0
843,28.24,9,1460.77,22.25,1,8.31
966,19.64,2,1578.33,11.7,0,7.27
680,28.66,9,1386.2,23.88,1,7.29
118,4.97,4,308.04,11.24,1,3.31
607,14.58,2,1059.3,15.38,2,6.23
301,18.25,4,828.31,4.3,0,3.81
902,17.66,10,1501.21,11.99,1,7.28
422,12.34,6,858.78,7.25,1,4.51
128,10.47,7,442.87,20.38,0,3.1
719,4.24,3,1038.69,19.25,2,6.13
218,12.06,3,574.36,20.13,1,4.63
322,5.3,10,640.84,17.92,0,4.31
346,22.16,8,823.03,20.32,1,5.39
173,6.66,5,540.01,6.42,0,2.83
571,2.23,4,897.39,11.94,0,4.43
664,16.79,7,1171.86,17.22,2,7.02
424,18.06,7,970.37,16.02,0,5.53
481,26.22,9,1181.62,17.76,2,7.56
151,17.52,9,577.48,6.93,1,4.79
810,10.69,5,1271.52,4.17,0,5.7
893,24.19,8,1659.12,22.17,0,7.59
103,16.44,10,626.15,14.32,1,4.27
418,2.84,1,695.67,5.38,1,3.84
773,17.19,9,1277.54,19.46,0,6.72
647,27.29,8,1312.22,22.13,0,6.84
128,12.19,6,538.1,5.73,2,4.78
240,9.24,3,525.09,19.98,0,3.64
923,4.73,3,1318.14,22.53,2,7.38
572,4.97,8,925.58,22.64,1,6.29
387,13.27,5,767.31,22.11,1,4.85
166,18.07,10,675.07,14.02,0,4.16
131,2.88,7,385.1,9.84,0,3.04
634,28.22,5,1434.58,2.16,2,6.74
577,22.78,8,1223.17,3.34,0,4.93
943,17.81,10,1500.71,11.43,0,7.05
513,24.94,10,1166.22,10.79,1,6.79
524,2.87,4,871.25,6.06,0,4.36
494,14.57,2,1013.32,10.7,1,5.51
855,19.09,3,1423.51,5.84,2,7.0
909,24.95,8,1570.23,20.67,1,8.21
290,23.61,7,795.17,8.56,2,5.75
440,8.67,2,888.29,15.17,2,5.63
916,28.26,6,1704.24,13.06,0,7.39
726,4.17,9,1042.69,3.14,1,5.97
386,26.32,4,1014.36,22.73,1,5.51
299,29.14,9,939.72,13.6,1,5.83
302,5.73,2,549.72,9.15,0,3.63
59,21.8,2,549.61,5.48,2,4.59
978,1.69,9,1358.48,9.45,1,7.5
208,12.46,7,683.06,2.45,1,4.14
183,15.73,7,572.77,10.0,1,4.0
555,17.63,1,994.98,13.69,1,5.12
555,28.11,6,1185.2,21.18,2,7.34
23,20.33,7,437.92,17.12,1,4.45
854,14.7,6,1373.95,4.45,0,6.33
309,24.39,6,834.32,5.25,0,4.39
972,28.54,2,1785.61,11.42,2,8.35
452,1.15,6,653.85,6.31,1,5.17
490,29.48,4,1181.2,2.61,2,6.44
200,3.04,9,535.61,19.71,0,3.84
267,24.52,1,865.88,2.43,0,3.44
647,8.77,8,1080.49,20.28,0,5.52
298,4.4,5,666.47,5.17,1,3.65
896,13.48,1,1489.68,23.44,1,6.88
600,19.5,4,1190.76,15.29,0,5.62
882,11.74,1,1368.96,18.17,1,6.83
273,2.11,6,508.12,4.43,1,3.74
200,18.18,2,659.13,20.97,0,4.18
849,27.12,5,1555.53,20.46,1,8.28
700,11.8,7,1177.6,16.37,1,6.27
844,6.88,2,1283.54,13.05,0,5.55
528,13.56,6,924.77,17.87,0,4.61
780,1.93,6,1196.55,2.13,0,5.16
719,24.7,5,1403.79,15.03,1,6.85
585,24.88,5,1212.06,20.64,2,7.56
345,17.85,3,842.81,9.85,1,4.72
376,10.92,10,811.52,4.38,0,4.15
844,24.09,10,1450.82,11.26,2,8.37
669,16.86,2,1200.45,18.0,2,7.13
699,24.87,7,1302.56,4.36,1,6.05
410,19.13,1,1061.8,6.53,2,5.76
634,23.64,6,1272.31,5.25,1,6.57
953,18.16,6,1507.11,19.53,1,8.0
104,12.72,3,645.57,3.38,1,3.03
336,28.76,2,957.8,17.1,1,5.27
231,16.46,2,663.65,10.06,0,3.92
534,18.35,9,1059.21,18.63,2,6.77
403,7.0,5,696.2,23.22,2,6.15
710,18.96,7,1298.77,4.52,1,6.33
361,17.36,5,733.06,8.92,0,4.36
834,5.95,7,1294.34,19.82,0,6.11
983,2.26,4,1307.11,7.86,0,6.17
863,18.33,8,1439.78,6.73,0,6.58
57,23.03,10,601.43,20.16,1,4.34
530,15.94,10,1014.88,23.72,2,7.24
439,7.19,7,776.47,14.25,0,4.78
770,20.16,10,1325.8,8.12,0,6.31
188,2.86,5,523.28,10.77,1,2.98
984,13.53,6,1560.32,5.74,0,6.56
928,5.32,5,1289.26,18.76,2,8.25
362,5.94,7,682.41,19.02,0,4.33
845,6.47,2,1203.38,21.25,0,6.51
325,11.91,5,804.77,2.59,0,3.44
561,2.01,10,863.33,14.36,0,4.77
721,12.23,3,1149.87,6.71,1,5.89
888,15.6,9,1484.48,9.5,0,6.45
556,14.76,6,1024.7,19.27,1,6.2
131,11.79,10,419.64,6.22,1,3.94
430,25.25,3,1063.8,16.04,0,5.48
966,4.79,7,1398.69,16.4,0,6.57
225,15.42,4,708.19,22.99,1,4.82
204,2.33,3,432.98,19.05,1,4.12
401,2.6,8,675.55,19.68,2,6.15
515,17.43,4,1037.46,13.7,0,5.49
398,17.2,1,965.36,6.11,0,3.94
66,26.4,6,609.7,11.36,0,3.55
905,16.96,10,1513.87,14.09,1,7.11
759,28.81,1,1523.79,16.93,1,7.59
570,1.94,5,880.59,15.37,2,6.21
547,3.39,7,839.85,10.67,1,5.55
523,1.8,6,810.63,7.84,0,4.54
41,5.97,2,284.07,5.7,1,2.82
232,16.47,4,773.41,17.26,2,5.43
329,19.54,2,815.01,16.2,0,4.16
680,1.84,1,947.97,17.12,1,5.5
987,28.41,3,1760.24,10.2,2,8.16
772,25.34,3,1452.67,7.77,1,7.13
291,9.25,7,647.79,18.71,1,5.04
590,2.78,1,876.83,19.02,0,5.34
818,5.51,9,1219.77,12.02,1,7.4
957,4.24,6,1368.48,15.46,0,6.1
221,4.14,4,522.6,10.22,1,4.09
51,15.8,3,452.85,17.44,0,2.8
462,7.75,3,825.77,20.39,2,6.0
181,11.07,2,559.07,17.14,2,4.84
786,29.69,2,1581.93,13.28,1,6.66
273,20.69,10,738.77,12.09,0,4.4
540,28.49,5,1162.73,16.13,0,5.88
996,4.71,9,1500.62,16.96,2,8.35
670,11.77,2,1165.75,14.29,1,5.6
499,16.86,2,990.73,15.75,1,5.28
29,2.76,6,227.19,4.12,0,1.83
745,0.62,10,1033.67,22.94,1,6.4
524,20.28,2,1093.56,19.4,1,5.76
804,19.43,4,1357.66,10.23,1,7.04
855,12.62,6,1407.31,14.38,1,7.34
579,14.94,5,1077.67,3.04,2,6.69
455,12.76,1,897.98,2.91,0,4.06
130,1.21,6,279.45,7.52,0,2.82
172,10.39,1,538.46,17.17,1,4.05
654,5.72,3,977.05,20.75,0,5.5
936,3.4,10,1289.59,14.3,2,7.49
888,28.72,5,1650.78,13.71,1,8.24
121,18.18,10,693.27,10.85,2,4.58
772,22.0,5,1414.97,5.56,1,6.94
852,9.8,10,1190.96,4.6,0,6.21
210,12.1,6,551.37,18.73,0,3.66
748,7.49,10,1194.14,22.41,2,7.88
582,3.36,8,842.38,12.08,0,4.97
823,5.78,5,1265.86,16.51,1,6.41
100,24.03,1,638.39,22.12,2,4.65
508,20.49,5,1116.52,3.98,0,4.38
914,16.63,3,1468.31,18.95,0,6.57
107,14.52,4,464.36,15.57,1,3.86
213,27.71,8,849.5,15.17,2,5.57
123,2.65,7,336.97,8.44,0,2.92
802,8.78,5,1240.7,17.05,2,7.05
115,10.82,2,528.75,19.49,1,3.97
442,23.58,6,1064.31,4.48,2,6.45
910,29.78,6,1589.2,13.74,0,7.37
217,7.6,10,564.35,4.23,0,3.52
20,26.29,10,603.3,21.2,2,5.35
426,25.0,6,1095.45,13.17,2,6.87
397,7.13,9,686.37,19.78,1,5.36
186,12.28,8,573.64,10.1,1,5.04
528,12.59,8,978.03,4.75,2,5.8
657,29.36,1,1330.92,2.91,0,5.49
332,5.84,5,683.34,8.19,1,4.73
612,24.08,7,1233.52,7.37,2,6.77
437,10.36,6,887.44,14.33,1,5.17
782,22.06,5,1382.16,2.48,0,6.1
700,12.89,8,1110.32,13.45,2,7.33
496,17.56,3,996.47,10.62,0,4.94
92,25.06,6,647.9,14.7,0,4.21
160,24.22,5,678.59,17.45,2,5.33
601,26.06,8,1108.88,15.95,1,7.18
281,2.26,4,540.28,23.66,2,4.7
359,20.92,8,913.55,5.04,2,6.15
327,4.63,10,646.21,11.45,0,4.51
264,12.77,2,639.33,11.35,0,3.37
534,16.68,9,1019.25,11.18,0,4.95
356,12.38,9,834.92,16.6,0,4.66
594,15.83,10,1021.48,12.78,1,6.46
580,29.9,10,1282.14,13.38,1,6.77
95,4.49,6,338.47,11.51,1,3.67
899,20.43,4,1565.55,23.82,0,7.71
194,12.18,4,573.99,22.41,1,4.11
128,4.42,6,323.8,8.77,1,2.95
202,5.18,5,528.48,4.46,1,3.58
211,28.5,6,830.8,20.47,0,4.51
